risk_id,risk_title,risk_description,risk_source,threat,vulnerability ,date_identified,business_function,risk_category,asset_id,risk_owner,impact_description,inherent_likelihood,inherent_impact,inherent_risk_score,inherent_risk_rating,residual_likelihood,residual_impact,residual_risk_score,residual_risk_rating,risk_response,risk_status,treatment_action,action_owner,target_date,treatment_status,evidence reference
RSK-001,Excessive Privileged Access,"There is a risk that excessive or unnecessary privileged access could enable unauthorised changes to critical systems or data, resulting in data compromise, service disruption or regulatory impact.",Control Assessment,Privileged account misuse or compromise,Excessive standing administrative privileges,19/09/2026,Technology,Identity & Access Management,AST-015,CISO,Unauthorised access or modification of critical systems and sensitive information,4,5,,,3,5,,,Mitigate,Open,"Review privileged accounts, remove unnecessary standing privileges and strengthen privileged access governance.",IAM Lead,28/09/2027,In Progress,IA-2026-001
RSK-002,Critical Vulnerabilities Not remeidation within SLA,"There is a risk that critical security vulnerabilities are not remediated within defined timelines, increasing the likelihood that threat actors could exploit vulnerable systems",Vulnerability Management,Exploitation of known vulnerabilities,Delayed remediation of critical vulnerabilities,19/09/2026,Information Security,Vulnerability Assessment,AST-005,CISO,"System compromise, data loss or service disruption",5,5,,,3,5,,,Mitigate,Closed,"Strengthen remediation SLAs, escalation processes and vulnerability ownership",Vulnerability Management Lead,28/09/2026,Completed,VA-2026-015
RSK-003,Cloud Security misconfiguration,There is a risk that insecure configuration of cloud resources could expose systems or sensitive information to unauthorised access.,Internal Audit,External attacker,Incorrectly configured Azure resources,19/09/2026,Technology,Cloud Security,AST-005,Head of Technology,"Data exposure, system compromise and regulatory consequences",4,5,,,2,5,,,Mitigate,Open,"Implement configuration baselines, automated cloud-security monitoring and remediation processes",Cloud Engineering Lead,28/12/2026,In Progress,IA-2026-008
RSK-004,Inadequate Third-Party Security Oversight,"There is a risk that security weaknesses at critical third parties could result in compromise, disruption or unauthorised disclosure of Northstar information.",Third-Party Assessment,Third-party security breach,Inconsistent supplier security assessments and ongoing monitoring,19/09/2026,Vendor Management,Third-party Risk,-,Head of Vendor Management,"Data breach, operational disruption and regulatory consequences
",4,4,,,3,4,,,Mitigate,Open,Establish risk-based supplier assessments and periodic monitoring for critical suppliers.,Third-Party Risk Manager,,Not started,TPR-2026-005
RSK-005,Customer Portal Security Weakness,There is a risk that security weaknesses identified within the customer portal could be exploited to gain unauthorised access to customer information or application functionality,Penetration Test,External attacker,Application security weaknesses identified during penetration testing,18/09/2026,Customer Services,Application Security,AST-012 ,Head of Digital Services,"Customer data compromise, fraud, reputational damage and regulatory consequences",5,5,,,4,5,,,Mitigate,Open,Remediate high-priority penetration-test findings and perform independent retesting.,Application Engineering Lead,28/09/2027,In Progress,PT-2026-003
RSK-006,Inadequate Security Logging and Monitoring,There is a risk that insufficient logging and monitoring of critical systems could prevent or delay detection and investigation of security incidents.,Control Assessment,Malicious or unauthorised activity,Incomplete security-log coverage,19/08/2026,Information Security,Security operations,AST-018 ,CISO,"Delayed incident detection, increased attacker dwell time and reduced investigation capability",4,4,,,3,4,,,Mitigate,Open,Identify logging gaps and onboard priority security events into central monitoring,SOC Manager,28/11/2026,In Progress,CA-2026-011
RSK-007,Inadequate Disaster Recovery Testing,There is a risk that critical business services may not be recoverable within required recovery objectives because disaster recovery arrangements have not been sufficiently tested.,Business Continuity Exercise,Major technology outage or disruptive event,Inadequate end-to-end recovery testing,19/08/2026,Operations,Business Continuity & Resilience,-,COO,"Extended service outage, financial loss and inability to meet customer obligations",3,5,,,3,4,,,Mitigate,Open,Conduct end-to-end recovery exercises for critical business services and document remediation actions.,Business Continuity Manager,,Not started,BCP-2026-002
RSK-008,Phishing Resulting in Account compromise,"There is a risk that employees could respond to sophisticated phishing attacks, resulting in credential theft and unauthorised access to corporate systems",Risk Workshop,Phishing and social-engineering attacks,User susceptibility to phishing,19/08/2026,Enterprise-wide,Human Risk,-,CISO,"Account compromise, data loss, fraud or further compromise of corporate systems",5,4,,,3,4,,,Mitigate,Open,"Continue targeted phishing simulations, security awareness training and technical email-security improvements.",GRC Analyst,28/09/2026,In Progress,RW-2026-006
RSK-009,Failure to meet regulatroy incident reporting requirements,"There is a risk that significant ICT or security incidents may not be identified, classified and reported to relevant regulatory authorities within required timeframes",Regulatory Requirement,Significant ICT/security incident,Inadequate regulatory incident classification and escalation procedures,19/08/2026,Legal & Compliance,Governance & Compliance,-,Chief Compliance Officer,"Regulatory breach, enforcement action and reputational damage",3,5,,,2,5,,,Mitigate,Open,"Formalise regulatory incident classification, escalation, notification and testing procedures.",Compliance Manager,28/09/2027,In Progress,REG-2026-004
RSK-010,Leaver Access Not Removed promptly,"There is a risk that user access may remain active after employment termination, enabling former personnel or compromised accounts to access company systems and information.",Internal Audit,Unathorised se if emoloyee credentials from a malicious actor,Delays or failures in the joiner-mover-leaver proces,19/08/2026,Technology,Identity & Access Management,AST-002,Head of Technology,"Unauthorised system access, information disclosure or fraudulent activity",4,4,,,2,4,,,Mitigate,Open,"Automate leaver notifications, establish access-removal SLAs and monitor completion of termination activities.",IAM Lead,28/09/2027,In Progress,IA-2026-017